{"schemaVersion":"1.0","appDefinitionTemplate":{"id":"/providers/Microsoft.PowerApps/apps/","type":"Microsoft.PowerApps/apps","tags":{"primaryDeviceWidth":"1366","primaryDeviceHeight":"768","supportsPortrait":"true","supportsLandscape":"true","primaryFormFactor":"Tablet","publisherVersion":"3.22103.19","minimumRequiredApiVersion":"2.2.0","hasComponent":"false","hasUnlockedComponent":"false","isUnifiedRootApp":"false","sienaVersion":"20221025T213900Z-3.22103.19.0"},"properties":{"appVersion":"2022-10-25T21:39:00Z","lifeCycleId":"Published","createdByClientVersion":{"major":3,"minor":22103,"build":19,"revision":0,"majorRevision":0,"minorRevision":0},"minClientVersion":{"major":3,"minor":22103,"build":19,"revision":0,"majorRevision":0,"minorRevision":0},"backgroundColor":"RGBA(0,176,240,1)","backgroundImageUri":"/12890350340283747695/N5991aef6-e46d-4744-8f8f-a0d7f04e02c2-logoSmallFile","displayName":"SIKA Demo App","description":"","commitMessage":"","appUris":{"documentUri":{"value":"/12890350340283747695/N37bf81fb-cf86-46c4-94f0-9e59c2b8c002-document.msapp"},"imageUris":[],"additionalUris":[]},"createdTime":"0001-01-01T00:00:00Z","lastModifiedTime":"0001-01-01T00:00:00Z","sharedGroupsCount":0,"sharedUsersCount":0,"icons":{"smallIconUri":"/12890350340283747695/Nfd349eec-39d4-4755-9799-5169fa2aaa0c-small.png","mediumIconUri":"/12890350340283747695/N3c7ebbd9-566e-4c46-abfa-528e783835af-medium.png","largeIconUri":"/12890350340283747695/N7fd23c80-b0ba-4a99-8c0a-09e44ffe75ea-large.png","wideIconUri":"/12890350340283747695/N7b54a83a-00fd-48ef-b02f-695f43609f33-wide.png"},"connectionReferences":{},"databaseReferences":{"default.cds":{"databaseDetails":{"referenceType":"Environmental","environmentName":"default.cds","overrideValues":{"status":"NotSpecified"}},"dataSources":{"Activities":{"entitySetName":"activitypointers","logicalName":"activitypointer"},"Accounts":{"entitySetName":"accounts","logicalName":"account"}},"actions":["providers/PowerPlatform.Governance/Operations/Read"]}},"almMode":"Solution","performanceOptimizationEnabled":true,"canConsumeAppPass":true,"enableModernRuntimeMode":false,"executionRestrictions":{"isTeamsOnly":false,"dataLossPreventionEvaluationResult":{"status":"Compliant","lastEvaluationDate":"2022-09-14T08:59:19.2938291Z","violations":[],"violationsByPolicy":[],"violationErrorMessage":"The app uses the following connectors: shared_commondataservice."}}},"appType":"ClassicCanvasApp","appComponents":[]}}