{"schemaVersion":"1.0","appDefinitionTemplate":{"id":"/providers/Microsoft.PowerApps/apps/","type":"Microsoft.PowerApps/apps","tags":{"primaryDeviceWidth":"1366","primaryDeviceHeight":"768","supportsPortrait":"true","supportsLandscape":"true","primaryFormFactor":"Tablet","publisherVersion":"3.22102.32","minimumRequiredApiVersion":"2.2.0","hasComponent":"false","hasUnlockedComponent":"false","isUnifiedRootApp":"false","sienaVersion":"20221023T191955Z-3.22102.32.0"},"properties":{"appVersion":"2022-10-23T19:19:55Z","lifeCycleId":"Published","createdByClientVersion":{"major":3,"minor":22102,"build":32,"revision":0,"majorRevision":0,"minorRevision":0},"minClientVersion":{"major":3,"minor":22102,"build":32,"revision":0,"majorRevision":0,"minorRevision":0},"backgroundColor":"RGBA(0,176,240,1)","backgroundImageUri":"/12890350340283747695/Ne85b672e-59c3-4783-85e4-6ad7fe718b73-logoSmallFile","displayName":"SIKA Demo App","description":"","commitMessage":"","appUris":{"documentUri":{"value":"/12890350340283747695/N6c803f9a-09b2-4bb2-a0a0-b44970d22db0-document.msapp"},"imageUris":[],"additionalUris":[]},"createdTime":"0001-01-01T00:00:00Z","lastModifiedTime":"0001-01-01T00:00:00Z","sharedGroupsCount":0,"sharedUsersCount":0,"icons":{"smallIconUri":"/12890350340283747695/N50bc29ad-e35e-49a4-9bb4-c4443de2af18-small.png","mediumIconUri":"/12890350340283747695/N1c48b046-d9e0-43e7-bad4-40cbe3660048-medium.png","largeIconUri":"/12890350340283747695/N42ebe2c2-ee7c-4d8e-99b4-2bbc891abb89-large.png","wideIconUri":"/12890350340283747695/Nc36da334-3b42-464a-a13d-8152c4489024-wide.png"},"connectionReferences":{},"databaseReferences":{"default.cds":{"databaseDetails":{"referenceType":"Environmental","environmentName":"default.cds","overrideValues":{"status":"NotSpecified"}},"dataSources":{"Activities":{"entitySetName":"activitypointers","logicalName":"activitypointer"},"Accounts":{"entitySetName":"accounts","logicalName":"account"}},"actions":["providers/PowerPlatform.Governance/Operations/Read"]}},"almMode":"Solution","performanceOptimizationEnabled":true,"canConsumeAppPass":true,"enableModernRuntimeMode":false,"executionRestrictions":{"isTeamsOnly":false,"dataLossPreventionEvaluationResult":{"status":"Compliant","lastEvaluationDate":"2022-09-14T08:59:19.2938291Z","violations":[],"violationsByPolicy":[],"violationErrorMessage":"The app uses the following connectors: shared_commondataservice."}}},"appType":"ClassicCanvasApp","appComponents":[]}}